hour,PD
1,3108.000000
2,3330.000000
3,3774.000000
4,4218.000000
5,4440.000000
6,4884.000000
7,5106.000000
8,5328.000000
9,5772.000000
10,6216.000000
11,6438.000000
12,6660.000000
13,6216.000000
14,5772.000000
15,5328.000000
16,4662.000000
17,4440.000000
18,4884.000000
19,5328.000000
20,6216.000000
21,5772.000000
22,4884.000000
23,3996.000000
24,3552.000000
