hour,PD
1,10360.000000
2,11100.000000
3,12580.000000
4,14060.000000
5,14800.000000
6,16280.000000
7,17020.000000
8,17760.000000
9,19240.000000
10,20720.000000
11,21460.000000
12,22200.000000
13,20720.000000
14,19240.000000
15,17760.000000
16,15540.000000
17,14800.000000
18,16280.000000
19,17760.000000
20,20720.000000
21,19240.000000
22,16280.000000
23,13320.000000
24,11840.000000
