hour,PD
1,5180.000000
2,5550.000000
3,6290.000000
4,7030.000000
5,7400.000000
6,8140.000000
7,8510.000000
8,8880.000000
9,9620.000000
10,10360.000000
11,10730.000000
12,11100.000000
13,10360.000000
14,9620.000000
15,8880.000000
16,7770.000000
17,7400.000000
18,8140.000000
19,8880.000000
20,10360.000000
21,9620.000000
22,8140.000000
23,6660.000000
24,5920.000000
